image_name,label
1745420428784_f1920216,1
1745420428805_9a5fd5ef,0
1745420428822_c3c88f24,0
1745420428837_9ebdfcb4,0
1745420428853_f0f50264,1
1745420428868_0ed5a51e,0
1745420428883_b32827f9,1
1745420428899_4d2f9367,2
1745420428915_dd9809c3,1
1745420428931_b4bebe2f,1
1745420428947_a920cb2a,0
1745420428964_c48b207b,1
1745420428980_1d3d0a36,1
1745420428995_b65922fd,0
1745420429011_4dd1bf70,1
1745420429027_9c33c87a,2
1745420429043_f52958a8,1
1745420429059_69997282,2
1745420429075_850b9d7e,2
1745420429091_a0fbf511,2
1745420429107_2e92b8aa,0
1745420429123_27284820,0
1745420429140_7baf1d5c,1
1745420429155_9b6d0b35,2
1745420429171_2c14720e,2
1745420429187_0f1d75e6,2
1745420429203_88f6a0b1,0
1745420429219_8714864f,1
1745420429235_c31350b6,1
1745420429251_56e008e9,1
1745420429267_9c832f18,0
1745420429287_b5e406f8,0
1745420429313_ef00bf1f,1
1745420429329_7ab21fd9,2
1745420429345_d3c225f0,2
1745420429361_2d97189f,0
1745420429378_49277876,2
1745420429393_ab217272,2
1745420429409_70d1f12b,2
1745420429425_ecba5844,0
1745420429441_c3097bff,1
1745420429457_93d23b33,2
1745420429473_37f5f14d,2
1745420429489_9b08aad5,1
1745420429505_ff2d419d,0
1745420429521_016a804b,0
1745420429537_bc7ee032,2
1745420429553_ace9bdc1,2
1745420429568_38fd0b10,1
1745420429584_19797f88,2
1745420429598_51d3a6ce,0
1745420429613_c3fe9efa,0
1745420429629_a374a221,1
1745420429644_1d51f4f7,2
1745420429659_2c64511b,2
1745420429675_46114b32,2
1745420429690_e3c5c94e,0
1745420429706_60d2be03,2
1745420429721_2d13a1bc,1
1745420429737_12fd27c5,2
1745420429753_6435422a,2
1745420429769_ccb8cc86,1
1745420429785_5fa0a619,2
1745420429801_2ca800ea,2
1745420429817_3a8f51e3,0
1745420429834_da0ce8df,2
1745420429850_0ec03792,1
1745420429866_40945e64,0
1745420429885_5f35083e,0
1745420429913_bc8d4d18,2
1745420429928_3bfa3303,2
1745420429942_bac9af90,2
1745420429958_ca772ecd,2
1745420429972_c393451b,0
1745420429989_74e94742,1
1745420430004_4c009b6f,1
1745420430021_21c82aac,1
1745420430037_69e824d0,1
1745420430052_9b2641a7,2
1745420430066_e76d2f9f,2
1745420430082_9090ada9,2
1745420430097_1e407a44,2
1745420430113_7b53e140,2
1745420430127_9efdecc4,0
1745420430143_de8ab27c,0
1745420430157_8effcbe9,0
1745420430173_f9076dde,1
1745420430189_5b2212b5,2
1745420430205_7dcbe074,2
1745420430220_09c046a8,0
1745420430235_eccf9396,1
1745420430251_5bc7f6cf,0
1745420430266_5587c68b,0
1745420430281_8cef6792,2
1745420430297_3ffa0cec,1
1745420430313_fdd767d5,0
1745420430328_3ef9ec4d,2
1745420430343_2dad91ae,1
1745420430359_2abe7c86,2
1745420430376_f68f1d33,0
1745420430391_14dd6401,1
1745420430407_e6ce34e5,1
1745420430423_80c8d55e,0
1745420430439_edca125d,0
1745420430455_c338ce11,1
1745420430471_af2f72fa,0
1745420430487_1599d4a3,1
1745420430503_c3b3bcb2,1
1745420430519_c6c365cc,1
1745420430534_deb95deb,1
1745420430549_ada5ee26,2
1745420430565_7220260d,1
1745420430582_fcc85534,0
1745420430597_4be239c0,0
1745420430613_ce2d05bb,1
1745420430629_f5a81383,0
1745420430645_428b378c,0
1745420430659_f0f46370,1
1745420430674_d6b41ba6,2
1745420430689_ef09eee4,0
1745420430705_2e13989e,0
1745420430720_bf4ed4d0,1
1745420430735_512fb02d,1
1745420430750_bb516d6c,2
1745420430766_3ae0c7db,0
1745420430796_c38bacf8,0
1745420430811_55627fa4,1
1745420430828_0473f139,0
1745420430843_c7021a3b,2
1745420430857_f01b4a4e,1
1745420430873_0e39ce20,2
1745420430888_ec1b44ef,0
1745420430902_91548b4b,0
1745420430919_bd8c47d6,0
1745420430933_b42c4c5f,2
1745420430948_6a7825a1,1
1745420430964_31ec2913,0
1745420430979_cb81d50e,1
1745420430994_cc95a5e1,2
1745420431010_90a56e9f,1
1745420431025_7edc5578,2
1745420431040_4e529341,0
1745420431055_7c58ad99,1
1745420431071_4f77831c,2
1745420431086_f144cba9,1
1745420431102_f445c7f7,1
1745420431118_661ea78f,0
1745420431134_b4fec4de,0
1745420431150_f1d75c39,0
1745420431166_df95570e,0
1745420431182_84fbb0c1,2
1745420431198_87816563,0
1745420431214_9c9683a0,0
1745420431230_6feff5f6,0
1745420431246_47cd07de,2
1745420431262_c4483801,2
1745420431278_1d7e6c38,2
1745420431294_df122f81,0
1745420431310_30ced1d4,2
1745420431326_ababa68b,0
1745420431342_a88780ff,1
1745420431357_bb95c021,2
1745420431372_282e96e0,0
1745420431387_6e02f34f,0
1745420431402_086e5c97,1
1745420431418_e2c0d9eb,0
1745420431434_93d705c2,1
1745420431450_09d353cf,0
1745420431466_06bad1c5,0
1745420431482_acbe8900,2
1745420431498_7fa84533,2
1745420431513_7c16b558,2
1745420431528_6ff57b42,0
1745420431544_12fe979e,0
1745420431560_1f443c82,2
1745420431576_eac9ffaf,1
1745420431591_d9e54ba4,2
1745420431606_402154ec,2
1745420431622_625403b5,1
1745420431638_a075ac04,2
1745420431654_17614f8b,2
1745420431670_23332b82,1
1745420431686_ffece233,2
1745420431702_0da7d1dc,2
1745420431719_5b29c658,1
1745420431734_914b28b2,2
1745420431750_f12a0bed,1
1745420431766_1ecf15a8,0
1745420431782_24ddff13,1
1745420431798_93efb32a,0
1745420431814_f14239c7,0
1745420431830_65997b69,0
1745420431846_500047fd,1
1745420431862_683e6b4e,0
1745420431878_d7ad5a6a,2
1745420431893_dfd796a0,2
1745420431908_c6411568,1
1745420431924_eeb2b238,1
1745420431940_a70326b1,1
1745420431956_bd3adadd,0
1745420431972_b3bcd552,1
1745420431988_5f019a5f,0
1745420432004_862f9560,2
1745420432020_0e9bed5a,0
1745420432036_0ee8359e,2
1745420432052_154fa279,1
1745420432066_bd0d1682,0
1745420432082_658ed40d,2
1745420432098_e23c8b4d,0
1745420432114_89907110,1
1745420432130_9f353487,1
1745420432146_61d189f0,1
1745420432162_faae83d1,2
1745420432178_27101a44,2
1745420432194_f8278d21,2
1745420432210_1fbea096,1
1745420432226_dfb20805,1
1745420432242_5a080270,0
1745420432258_79742f1a,1
1745420432274_12cef5df,2
1745420432290_cb44c18d,2
1745420432306_51cadb3c,1
1745420432322_500c3a6d,2
1745420432338_e40b5512,0
1745420432354_9dd992b2,1
1745420432370_5dacb43e,2
1745420432386_5e5c6ea5,1
1745420432401_f78f7ffe,2
1745420432417_556815cf,1
1745420432432_aa80c39a,0
1745420432449_4d712123,0
1745420432470_4fb90598,2
1745420432503_8bf9b4fe,1
1745420432528_5cef4001,0
1745420432544_d0df4159,2
1745420432559_26b66fcb,2
1745420432574_5388adb3,2
1745420432591_ef3ceab3,0
1745420432605_a57cfe9d,2
1745420432621_718fd969,0
1745420432637_c5a1c01b,1
1745420432651_915e0986,2
1745420432667_a79d8cd6,1
1745420432683_50af579c,2
1745420432698_8e6aa81a,2
1745420432714_426b0a8a,0
1745420432731_07e5d671,0
1745420432747_ed1484fd,1
1745420432762_41af32a4,0
1745420432778_00b64048,2
1745420432794_3cf49209,1
1745420432810_2298a870,0
1745420432826_9c31d7c9,2
1745420432842_eee706ff,0
1745420432858_4f6a1ef1,0
1745420432874_0b1f794b,0
1745420432891_fa87c8d4,1
1745420432907_d7d7941c,2
1745420432921_a602a6b1,0
1745420432936_b4acc27a,2
1745420432952_119f70bf,2
1745420432968_f8394b38,0
1745420432984_8266e2d0,1
1745420433000_1f5e5273,1
1745420433016_c1a67d76,0
1745420433033_37fbe05c,1
1745420433048_166b3435,1
1745420433064_6e15b834,1
1745420433080_153ff2a3,1
1745420433095_056395eb,0
1745420433110_0e02bb3c,0
1745420433126_ed1d7190,0
1745420433142_d74ebbb0,0
1745420433158_56bab9f8,2
1745420433174_fc695201,2
1745420433190_f2b1815e,1
1745420433207_220582b1,2
1745420433222_4a5a173f,1
1745420433238_18436e34,0
1745420433254_6fc7bcf8,2
1745420433270_d8ab48d3,1
1745420433286_6ddb4a5a,2
1745420433302_c940452c,0
1745420433318_e23ab538,0
1745420433334_3fea4112,2
1745420433350_2c6eeaed,1
1745420433366_e1cbd383,1
1745420433382_b72f9f19,1
1745420433399_03f03daa,0
1745420433414_1f008de6,0
1745420433430_951d830d,1
1745420433446_2941c0b5,2
1745420433462_42539604,2
1745420433478_5d429582,1
1745420433494_cd81e420,0
1745420433510_ac2c40f7,0
1745420433526_8bc8c1f4,0
1745420433542_1f346034,2
1745420433558_1bdb86dd,2
1745420433574_2c15d928,2
1745420433590_d087aa18,1
1745420433606_da73bf16,1
1745420433622_d9a3935d,0
1745420433637_99d8100c,2
1745420433652_c22dc577,1
1745420433669_9cf1e108,0
1745420433685_f986ac68,1
1745420433700_431b9ae8,1
1745420433716_13ab2a4d,0
1745420433732_5ea08d8a,2
1745420433748_38239236,1
1745420433764_0ec17ad5,2
1745420433780_ef476e75,0
1745420433796_cf32d691,2
1745420433812_1a944928,1
1745420433828_318af81b,0
1745420433844_e18fbafc,1
1745420433860_dc2a4e8f,2
1745420433877_2700f8f6,1
1745420433893_bdc8a9c8,2
1745420433908_16b271c2,0
1745420433924_09111a06,1
1745420433940_a8f825c2,1
1745420433956_af8716a7,1
1745420433972_3a2bd079,2
1745420433988_e6dddb0e,1
1745420434004_fc932008,1
1745420434019_2b6bdae3,0
1745420434034_2f8214cc,0
1745420434050_0d63ea05,0
1745420434067_b9bd9a42,1
1745420434086_4d5a3a42,2
1745420434114_671250d8,1
1745420434128_6e2cec43,2
1745420434143_6c70e925,1
1745420434159_5df1351b,1
1745420434174_f73974cd,0
1745420434189_f201bd29,0
1745420434205_f3ee72b5,0
1745420434220_aab2c157,0
1745420434235_14ec0cae,1
1745420434251_3115408e,1
1745420434266_09bfb225,0
1745420434281_17913a68,0
1745420434297_101dda58,1
1745420434312_bdd169ea,0
1745420434327_fec5373b,0
1745420434343_18f3bce5,0
1745420434358_fe4d3c91,2
1745420434373_bd7b031b,2
1745420434389_59c2e3bc,2
1745420434404_7b4e893e,2
1745420434419_54910ac0,2
1745420434435_21e52741,0
1745420434450_901026db,0
1745420434465_6190bc82,0
1745420434481_0d90c65a,1
1745420434496_14431a5a,1
1745420434511_97620ebc,1
1745420434527_3d72cbe3,2
1745420434542_a79f7a12,2
1745420434557_e0e9b384,1
1745420434574_bc4e8536,0
1745420434588_b29d9f5d,1
1745420434603_b3d1e2f8,2
1745420434619_b6806896,1
1745420434634_8b87301a,1
1745420434649_34ac4c4c,2
1745420434665_47d8ce4e,1
1745420434680_2f38006f,0
1745420434695_62edaec5,1
1745420434711_b603e792,0
1745420434726_f2288e6a,2
1745420434741_b0d416ba,2
1745420434757_09031b4e,2
1745420434772_8b45cdbc,2
1745420434787_fdc46f2a,1
1745420434803_0528ef8e,2
1745420434818_700892dd,1
1745420434833_60c6416e,1
1745420434849_4d47ea93,0
1745420434864_5fe2696d,0
1745420434879_a6d28032,0
1745420434894_e31a0f57,1
1745420434910_e4e9f52b,2
1745420434925_1d2384e5,0
1745420434947_fb727d30,2
1745420434974_7552aea5,2
1745420434986_4dc6b204,2
1745420435002_57546347,2
1745420435018_22cdadbb,2
1745420435033_09b28f6e,2
1745420435048_0648fb87,2
1745420435063_c31bbe7a,2
1745420435079_cb8f96c7,1
1745420435094_cdaf49f4,1
1745420435109_c7e247aa,0
1745420435124_face42eb,2
1745420435139_67f008fe,0
1745420435155_91a827f9,1
1745420435172_822c9e97,1
1745420435187_f691fbe4,2
1745420435203_bc634553,1
1745420435218_99fc86c8,1
1745420435233_afee38aa,1
1745420435249_f3696678,0
1745420435265_78b7d746,2
1745420435281_6887987a,0
1745420435297_be37f3ca,0
1745420435313_ff038e2f,1
1745420435328_4885b61a,0
1745420435343_ca0ea0e9,0
1745420435359_af8d83b0,1
1745420435375_5d6a4da1,0
1745420435391_b7f58abc,0
1745420435407_0613cb7b,1
1745420435423_79ea1d2c,2
1745420435440_6a16c813,2
1745420435455_a5f62691,2
1745420435471_88c864ec,0
1745420435487_c625d4e4,0
1745420435503_5cda786c,1
1745420435519_0f873fd2,0
1745420435536_5f1ac7f7,0
1745420435551_34feb272,0
1745420435568_72999e6c,1
1745420435582_28b9626a,0
1745420435597_f587bd56,2
1745420435613_23fe97e6,0
1745420435629_dff82c8d,0
1745420435644_88f73e1e,2
1745420435659_a500d336,1
1745420435674_a9f62b4a,1
1745420435690_1a317600,1
1745420435704_c0e0aa62,0
1745420435720_eb6971f1,0
1745420435736_d80e16cc,2
1745420435752_2625eebe,0
1745420435768_666150fb,1
1745420435784_a9704659,1
1745420435800_2b8113e9,1
1745420435816_790d63d4,1
1745420435831_2c10c0b7,1
1745420435846_11a0e492,1
1745420435862_c0bb85be,2
1745420435878_b8ee2802,1
1745420435894_27077cf7,1
1745420435910_ea8295be,1
1745420435925_028f45b5,0
1745420435940_e6aba007,1
